component_id,weight,name
C-0005,0.206,ADAPTER-STR
C-0006,0.083,ADAPTER-STR
C-1435,0.023,NUT-FLARED
C-1546,0.026,ADAPTER-PIPE
C-1583,0.256,ADAPTER-STR
C-1634,0.06,ADAPTER-STR
C-1975,0.005,NUT-FLARED
C-0428,0.032,CONNECTOR
C-0443,0,NUT-FLARED
C-0823,0.014,NUT-INV FLARED
C-0354,0.136,BUSHING-REDUCING
C-0361,0.005,CONNECTOR-O-RIN
C-1312,0.009,NUT-FLARED
C-1313,0.01,NUT-INV FLARED
C-1194,0.014,COUPLING-PIPE
C-1195,0.031,COUPLING-PIPE
C-1196,0.095,COUPLING-PIPE
C-1197,0.091,COUPLING-PIPE
C-1198,0.181,COUPLING-PIPE
C-1229,0.009,NUT-FLARED
C-1230,0.009,NUT-FLARED
C-1695,0,ADAPTER
C-1812,0.091,BOSS
C-1828,0.181,PLUG-O-RING
C-1868,0.226,ADAPTER-ELBOW
C-0008,0.032,BOSS
C-0009,0.033,BOSS
C-0020,0.07,BOSS
C-0054,0.18,BOSS
C-0071,0.08,BOSS
C-0082,0.043,BOSS-ORFS
C-0083,2.093,FLANGE-ONE PIECE
C-0084,2.601,FLANGE
C-0111,0.1,BOSS
C-0117,0.081,BOSS
C-0151,0.047,BOSS
C-0161,0.559,BLOCK
C-0165,0.046,BOSS-FITTING
C-0177,0.122,BOSS
C-0199,0.1,COUPLET-WELD
C-0208,0.023,CONNECTOR-WELD
C-0209,0.022,CONNECTOR-WELD
C-0213,0.159,CONNECTOR-WELD
C-0214,0.059,CONNECTOR-WELD
C-0215,0.033,CONNECTOR-WELD
C-0242,0.08,BOSS
C-0243,4.034,FLANGE
C-0245,0.1,COUPLET-WELD
C-0255,0.127,BOSS
C-0257,1.63,FLANGE
C-0258,0.192,BOSS
C-0260,0.186,BOSS
C-0262,0.158,BOSS
C-0269,3.361,FLANGE
C-0274,0.378,BOSS
C-0278,0.015,CONNECTOR-WELD
C-0307,1.05,CONNECTOR-SEAL
C-0348,0.045,CONNECTOR-WELD
C-0356,0.12,BOSS
C-0358,0.154,BOSS
C-0387,0.939,FLANGE
C-0393,0.06,BOSS
C-0405,0.05,BOSS
C-0411,0.034,CONNECTOR-WELD
C-0425,0.005,BOSS
C-0426,0.023,BOSS
C-0432,0.063,BOSS
C-0474,0.054,BOSS
C-0475,0.05,BOSS
C-0483,0.08,BOSS
C-0486,0.114,COUPLET
C-0493,0.015,BOSS
C-0495,0.083,SADDLE
C-0497,0.052,BOSS
C-0499,0.082,SADDLE
C-0502,0.269,CONNECTOR
C-0506,0.093,BOSS
C-0513,2.14,BLOCK
C-0520,0.021,BOSS
C-0533,0.026,COUPLING
C-0534,0.217,BOSS
C-0539,0.003,BOSS
C-0544,0.129,CONNECTOR
C-0547,0.012,CONNECTOR-WELD
C-0548,0.059,CONNECTOR-WELD
C-0549,0.059,CONNECTOR-WELD
C-0555,1.612,FLANGE
C-0556,0.059,CONNECTOR
C-0569,0.037,BOSS
C-0575,0.075,BOSS
C-0623,0.021,ADAPTER-WELD
C-0624,0.06,CONNECTOR-ORFS
C-0641,0.304,FLANGE
C-0643,3.361,FLANGE
C-0678,0.112,BOSS
C-0697,0.014,CONNECTOR-BRAZE
C-0699,0.044,BOSS
C-0700,0.265,ADAPTER
C-0701,0.194,ADAPTER
C-0723,0.076,BOSS
C-0755,2.62,BOSS
C-0770,0.987,BLOCK
C-0780,0.577,BLOCK
C-0791,0.034,CONNECTOR-WELD
C-0793,3.815,FLANGE
C-0796,0.987,BLOCK
C-0804,2.805,FLANGE
C-0816,0.071,BOSS
C-0817,0.069,BOSS
C-0837,0.059,BOSS
C-0854,0.041,BOSS
C-0869,1.112,FLANGE
C-0893,0.31,BOSS
C-0899,0.426,BLOCK
C-0920,0.077,BOSS
C-0930,0.122,BOSS
C-0965,0.5,BOSS
C-1029,0.411,BOSS
C-1045,0.01,CONNECTOR-WELD
C-1065,1.494,BOSS
C-1089,0.037,BOSS
C-1117,0.523,BOSS
C-1123,0.149,BOSS-SADDLE
C-1124,0.08,BOSS-SADDLE
C-1127,0.075,BOSS-SADDLE
C-1171,0.149,BOSS-SADDLE
C-1225,0,BOSS
C-1231,0.015,BOSS
C-1233,0.058,BOSS
C-1256,0.14,FITTING
C-1257,0.06,BOSS
C-1259,0.215,BOSS
C-1308,0.454,BOSS
C-1340,0.146,BOSS
C-1410,0.005,BOSS
C-1411,0.057,BOSS
C-1417,0.034,BOSS
C-1426,0.071,FITTING
C-1431,0.1,BOSS
C-1489,0.04,BOSS
C-1496,1.023,FLANGE-SADDLE
C-1503,0.455,FITTING
C-1505,0.045,BOSS
C-1506,0.021,BOSS
C-1507,0.15,BOSS
C-1535,0.052,BOSS
C-1536,0.052,BOSS
C-1537,0.084,FITTING
C-1557,0.091,BOSS
C-1579,0.114,BOSS
C-1697,0.066,BOSS
C-1698,0.073,BOSS
C-1699,0.083,BOSS
C-1707,0.182,FITTING
C-1708,0.052,FITTING
C-1725,0.24,BOSS
C-1729,0.223,BOSS
C-1731,0,BOSS
C-1764,0.009,BOSS
C-1780,0.06,BOSS
C-1833,0.223,BOSS
C-1839,0.055,BOSS
C-1862,0.091,BOSS
C-1919,1.96,BLOCK
C-1924,0.09,BOSS
C-1925,0.197,BOSS
C-1928,0.079,BOSS
C-1970,0.032,BOSS
C-1973,0.05,BOSS-OUTLET
C-1974,2.375,BOSS
C-1988,0.055,BOSS
C-1990,0.2,BOSS
C-0013,8.89,ELBOW
C-0016,1.172,ELBOW
C-0017,1.245,ELBOW
C-0018,1.863,ELBOW
C-0021,0.903,HOUSING-OIL
C-0022,0.103,HOUSING FUEL
C-0023,1.297,BLOCK
C-0028,1.633,ELBOW-HYDRAULIC
C-0042,0.357,ELBOW
C-0061,0.2,ADAPTER-O SUPPL
C-0063,0.227,ADAPTER-O LINE
C-0065,0.561,ELBOW-WELD
C-0066,0.614,ELBOW-WELD
C-0075,1.09,ELBOW-HYDRAULIC
C-0076,1.494,ELBOW-HYDRAULIC
C-0090,1.159,ELBOW-HYDRAULIC
C-0094,0.61,ELBOW
C-0104,1.496,BLOCK
C-0105,9.6,ELBOW-BRAZE
C-0106,9.6,ELBOW-BRAZE
C-0107,0.682,ELBOW-900 3/4
C-0140,0.28,ELBOW
C-0143,9.5,ELBOW-HYDRAULIC
C-0152,4.987,ELBOW-HYDRAULIC
C-0160,1.004,ELBOW
C-0163,1.415,ELBOW-HYDRAULIC
C-0169,9.805,FLANGE
C-0175,1.347,ELBOW-HYDRAULIC
C-0187,1.17,ELBOW
C-0188,1.5,ELBOW
C-0192,1.433,ELBOW-HYDRAULIC
C-0207,1.304,ELBOW-HYDRAULIC
C-0238,1.121,
C-0254,0.486,FLANGE
C-0259,1.836,ELBOW
C-0266,4.308,FLANGE
C-0273,1.181,ELBOW-HYDRAULIC
C-0284,2.258,ELBOW-HYDRAULIC
C-0285,5.307,ELBOW-HYDRAULIC
C-0296,2.189,ELBOW
C-0303,2.179,ELBOW
C-0320,0.639,PLUG
C-0331,6.245,MANIFOLD
C-0367,1.093,ELBOW
C-0394,2.46,ELBOW-HYDRAULIC
C-0401,1.095,ELBOW-HYDRAULIC
C-0407,2.38,ELBOW-HYDRAULIC
C-0447,0.232,ADAPTER-SUPPLY
C-0464,2.041,ELBOW-HYDRAULIC
C-0501,3.655,ELBOW
C-0516,1.015,ELBOW
C-0526,0.544,ELBOW
C-0537,0.42,FLANGE
C-0565,1.05,ELBOW-WELD
C-0566,1.4,ELBOW-HYDRAULIC
C-0567,1.52,ELBOW-HYDRAULIC
C-0585,0.551,ELBOW
C-0598,0.687,ELBOW
C-0608,2.22,ELBOW-HYDRAULIC
C-0615,0.712,ELBOW
C-0616,0.699,ELBOW
C-0625,1.845,MANIFOLD
C-0646,10.19,ELBOW-HYDRAULIC
C-0688,2.651,ELBOW
C-0789,2.319,ELBOW
C-0802,1.418,ELBOW
C-0820,1.95,ELBOW
C-0821,1.982,ELBOW
C-0822,0.7,ELBOW
C-0839,1.648,ELBOW
C-0905,0.21,ELBOW
C-0910,2.543,ELBOW
C-0931,5.202,ELBOW
C-0943,1.156,FLANGE
C-0956,0.695,FLANGE
C-0963,0.755,FLANGE
C-0972,1.14,FLANGE-TIG
C-0999,1.356,ELBOW-HYDRAULIC
C-1004,0.7,ELBOW
C-1006,2.394,ELBOW-HYDRAULIC
C-1024,1.316,ELBOW
C-1069,5.36,BLOCK
C-1208,0.68,ELBOW
C-1239,0.499,ELBOW
C-1247,0.636,ELBOW
C-1255,0.69,ELBOW
C-1317,0.566,ELBOW
C-1327,1.225,ELBOW
C-1331,2.192,FLANGE-ONE PIEC
C-1333,1.286,ELBOW
C-1334,1.923,ELBOW
C-1335,2.821,ELBOW
C-1336,1.88,ELBOW
C-1337,1.806,ELBOW
C-1339,0.521,ELBOW
C-1345,0.332,FLANGE-ONE PIEC
C-1348,0.654,ELBOW
C-1349,0.636,ELBOW
C-1350,0.635,ELBOW
C-1362,0,ELBOW
C-1363,0,ELBOW
C-1378,0.47,ELBOW
C-1389,0.546,ELBOW
C-1404,1.2,ELBOW-HYDRAULIC
C-1405,1.053,ELBOW-HYDRAULIC
C-1409,1,ELBOW-HYDRAULIC
C-1419,1.107,ELBOW
C-1428,0.475,ELBOW
C-1429,0.726,ELBOW
C-1432,1.606,ELBOW
C-1488,1.426,ELBOW-HYDRAULIC
C-1500,3.62,ELBOW
C-1514,1.5,ELBOW
C-1527,0.631,ELBOW
C-1538,0.454,ELBOW
C-1539,0.363,ELBOW
C-1542,0.272,ELBOW
C-1565,0.169,ADAPTER-O SUPPL
C-1566,0.69,ELBOW
C-1575,1.44,ELBOW
C-1576,0.723,ELBOW
C-1585,0.064,PLUG
C-1586,0.093,PLUG
C-1587,0.145,PLUG
C-1588,0.225,PLUG
C-1589,0.25,PLUG
C-1598,1.154,ELBOW-HYDRAULIC
C-1599,1.193,ELBOW-HYDRAULIC
C-1600,1.338,ELBOW-HYDRAULIC
C-1601,1.421,ELBOW-HYDRAULIC
C-1602,1.659,ELBOW-HYDRAULIC
C-1603,1.641,ELBOW-HYDRAULIC
C-1604,1.564,ELBOW-HYDRAULIC
C-1605,1.672,ELBOW-HYDRAULIC
C-1606,1.715,ELBOW-HYDRAULIC
C-1607,2.237,ELBOW-HYDRAULIC
C-1608,2.653,ELBOW-HYDRAULIC
C-1609,2.535,ELBOW-HYDRAULIC
C-1610,2.35,ELBOW-HYDRAULIC
C-1611,4.86,ELBOW-HYDRAULIC
C-1612,4.448,ELBOW-HYDRAULIC
C-1613,3.939,ELBOW-HYDRAULIC
C-1636,1.33,ELBOW-HYDRAULIC
C-1681,0.142,HOUSING
C-1686,0.666,ELBOW
C-1726,0.881,ELBOW
C-1733,0.245,ELBOW
C-1744,0.454,ELBOW
C-1759,1.232,ELBOW-HYDRAULIC
C-1769,1.662,ELB
C-1774,3.536,FLANGE-WELD
C-1782,0.775,ELBOW
C-1783,1.316,ELBOW
C-1786,1.864,ELBOW
C-1788,1.065,FLANGE
C-1803,4.07,ELBOW-HYDRAULIC
C-1816,1.1,ELBOW
C-1819,1.123,ELBOW
C-1820,0.45,ELBOW
C-1821,0.45,ELBOW
C-1826,0.93,ELBOW
C-1829,1.588,ELBOW
C-1842,1.816,BLOCK
C-1853,0.451,ELBOW
C-1863,0.513,ELBOW
C-1872,0.568,PLUG
C-1896,0.905,ELBOW
C-1899,5.79,ELBOW-HYDRAULIC
C-1905,3.25,ELBOW-HYDRAULIC
C-1931,2.67,ELBOW
C-1935,1.766,ELBOW
C-1948,1.062,ELBOW-WATER
C-1951,0.975,ELBOW
C-1989,1.897,ELBOW
C-1992,1.1,ELBOW
C-2010,1.78,ELBOW-HYDRAULIC
C-2024,0.975,ELBOW-HYDRAULIC
C-2031,6.049,ELBOW-HYDRAULIC
C-0027,2.23,FLANGE
C-0454,0.59,FLANGE-CAPTIVE
C-0455,0.525,FLANGE-CAPTIVE
C-0494,0.23,FLANGE
C-0496,0.284,FLANGE
C-0508,1.144,FLANGE
C-0572,0.447,FLANGE-LOOSE
C-0797,1.983,FLANGE
C-0891,0.465,FLANGE
C-1096,2.565,FLANGE
C-1102,4.06,FLANGE
C-1135,1.88,FLANGE
C-1149,0.783,FLANGE-ONE PIECE
C-1452,0.276,FLANGE-CAPTIVE
C-1453,0.389,FLANGE-CAPTIVE
C-1584,0.516,FLANGE-CAPTIVE
C-0872,0.01,NIPPLE-BRAZE
C-0873,0.01,NIPPLE-BRAZE
C-0874,0.001,NIPPLE-BRAZE
C-1039,0.052,STEM-BRAZED
C-1041,0.065,STEM-BRAZED
C-1043,0.196,STEM-BRAZED
C-1621,0.015,NUT-SWIVEL
C-1624,0.035,NUT-SWIVEL
C-1623,0.044,NUT-SWIVEL
C-1622,0.036,NUT-SWIVEL
C-1625,0.129,NUT-SWIVEL
C-1626,0.154,NUT-SWIVEL
C-1620,0.016,NUT-SWIVEL
C-1867,0.222,NUT-SWIVEL
C-2029,0.034,NUT-SWIVEL
C-0579,0.157,NUT-ORFS
C-0580,0.109,NUT-ORFS
C-0134,0.016,NUT-SWIVEL
C-0390,0.034,NUT-SWIVEL
C-2027,0.096,NUT-SWIVEL
C-0337,0.022,NUT-ORFS
C-2030,0.023,NUT-SWIVEL
C-2025,0.153,NUT-SWIVEL
C-1760,0.124,NUT-ORFS
C-2028,0.052,NUT-SWIVEL
C-0102,0.027,NUT-SWIVEL
C-1059,0.052,NUT-ORFS
C-0097,0.027,NUT-SWIVEL
C-2026,0.128,NUT-SWIVEL
C-0095,0.046,NUT
C-0261,0.153,NUT-ORFS
C-0004,0.014,NUT
C-1202,0.045,NUT-45 (DEG)
C-1442,0.343,NUT-FLARED
C-1421,0.046,NUT-FITTING
C-0448,0.032,NUT-FLARED
C-0336,0.045,NUT-37 DEG FLARE
C-0308,0.037,NUT-FLARED
C-1952,0.045,FITTING-FLARED
C-1845,0.012,NUT
C-1577,0.091,NUT-FLARED
C-1384,0.074,NUT-FLARED
C-1200,0.025,NUT-45 (DEG)
C-1199,0.023,FITTING-TUBE
C-0444,0.111,NUT-FLARED
C-0831,0.255,NUT
C-1848,0.083,NUT-FLARED
C-1243,0.019,NUT
C-1927,0.07,BOSS
C-1964,0.04,BOSS
C-1969,0.09,BOSS
C-1966,0.126,BOSS
C-1963,0.05,BOSS
C-1694,0.2,BOSS
C-1318,0,BOSS
C-0720,0.222,BOSS
C-0315,0.203,BOSS
C-1316,0.021,BOSS
C-0345,0.04,BOSS
C-1980,0.084,BOSS
C-1793,0.101,BOSS
C-1580,0.021,BOSS
C-0827,0.03,BOSS
C-1968,0.059,BOSS
C-1967,0.085,BOSS
C-0321,0.02,BOSS
C-1320,0.011,BOSS
C-1965,0.11,BOSS
C-0035,0.009,BOSS
C-1530,0.067,BOSS
C-1962,0.071,BOSS
C-1385,0.014,NUT-FLARED
C-1386,0.005,SLEEVE-FLARED
C-1369,0.003,COLLAR
C-0422,0.003,WASHER-FUEL LIN
C-1817,0.014,FITTING-NUT
C-1374,0.023,NUT
C-1375,0.041,NUT
C-1439,0.045,NUT-FUEL LINE
C-1355,0.033,ADAPTER
C-0958,0.095,ADAPTER
C-0562,0.173,FLANGE
C-1850,0.219,ADAPTER-OIL LIN
C-0227,0.07,NUT
C-1425,0.085,FITTING
C-1476,0.032,NUT-A/C
C-1860,0.18,FITTING
C-0674,0.324,FLANGE
C-0751,0.68,FLANGE
C-0057,0.035,NUT
C-1960,0.227,ADAPTER-EXH PIP
C-1619,0.001,SEAL-O-RING-ORFS
C-1745,0.072,LINK
C-1838,0.376,HEAD-FLANGED
C-1554,0.045,NUT-INJ LINE
C-0962,0.55,FLANGE
C-0045,0.215,ADAPTER-OIL LIN
C-0092,0.09,FLANGE
C-1474,0.022,NUT-A/C
C-1672,0.003,WASHER-FUEL INJ
C-1481,0.058,ADAPTER-A/C
C-1359,0.025,LUG
C-0577,0.157,NUT-ORFS
C-1677,0.024,NUT-FUEL INJ
C-1595,0.03,BOLT
C-0365,0.125,FLANGE
C-1214,0.001,CAP-A/C
C-1216,0.005,VALVE AS.-A/C
C-0578,0.025,NUT-ORFS
C-0950,0.306,ADAPTER
C-0855,0.002,SLEEVE-CRIMP
C-0442,0.395,ADAPTER-O DRAIN
C-0617,0.17,FLANGE
C-0774,0.062,ADAPTER
C-1058,0.014,SLEEVE-ORFS
C-0552,0.177,FLANGE
C-1954,0.068,ADAPTER
C-0752,0.941,FLANGE
C-1898,0.022,STUD-WELD
C-0953,0.144,ADAPTER
C-0957,0.127,ADAPTER
C-1268,0.022,ADAPTER-STR
C-1477,0,NUT-A/C
C-1398,0.56,COLLAR
C-1478,0.05,NUT-A/C
C-0993,0.499,FLANGE
C-0655,0.162,FLANGE
C-1403,0.003,WASHER-FUEL INJ
C-0844,0.145,PLATE
C-1533,0.014,NUT
C-0366,0.112,FLANGE
C-1502,0.418,ADAPTER
C-1756,0.025,NUT-FUEL INJ
C-1564,0.197,CAP AS-FILLER
C-1950,0.045,NUT-INJ LINE
C-1211,0.175,CONNECTOR
C-1874,0.016,NUT-WELD
C-1213,0.001,CAP-A/C
C-0139,1.548,FLANGE
C-1215,0.005,VALVE AS.-A/C
C-1379,0.025,NUT-FUEL INJ
C-1688,0.044,NUT-F INJ LINE
C-1491,0.03,FITTING
C-0377,0.064,VALVE CORE
C-1521,1.298,FLANGE
C-1402,1.2,FLANGE
C-0681,0.096,FLANGE
C-0675,0.323,FLANGE
C-0108,0.13,FLANGE
C-2046,1.2,SLEEVE
C-1550,0.236,ADAPTER-OIL LIN
C-0915,0.006,PIN
C-0581,0.123,NUT-ORFS
C-1080,0.592,ADAPTER-PIPE
C-1183,1.482,FLANGE
C-1668,1.33,ADAPTER
C-0424,0.009,NUT-WELD
C-0120,0.029,ADAPTER
C-0064,0.952,PLATE
C-0762,0.453,FLANGE
C-0710,1.303,FLANGE
C-0952,0.213,ADAPTER
C-0642,0.846,FLANGE
C-0939,0.77,FLANGE
C-0955,0.623,ELBOW-HYDRAULIC
C-1095,9.97,ELBOW
C-1109,0.873,FLANGE
C-1132,0.036,PLATE
C-1187,0.955,FLANGE
C-0863,2.178,FLANGE
C-1172,0.246,FLANGE
C-1248,0.018,BLOCK
C-0772,1.938,FLANGE
C-0441,0,ADAPTER-O LINE
C-0130,0.49,FLANGE
C-1254,0.2,COLLAR
C-1356,0.025,CLIP
C-1497,0.103,BRACKET
C-1499,2,FLANGE
C-0368,0.442,ADAPTER
C-1483,0,ADAPTER-A/C
C-1735,0.15,ADAPTER-OIL LIN
C-0249,0.229,PLATE
C-0314,0.25,ADAPTER
C-0378,0.094,VALVE BODY
C-1993,0.221,BOSS
C-0144,0.061,HASP AS
C-1859,0.55,HEAD-FLANGED
C-1232,0.032,LUG
C-0987,0.48,ELBOW
C-0989,4.073,BLOCK
C-0964,0.065,ADAPTER
C-0824,0.045,CAP-A/C
C-1037,0.043,FITTING
C-0923,0.102,HEAD-ADAPTER
C-1112,0.146,BOSS
C-1814,0.001,PLUG-CUP
C-0168,0.418,ADAPTER
C-0640,0.123,FLANGE
C-0656,0.068,FLANGE
C-0996,1.074,FLANGE
C-0225,0.07,NUT-FLARED
C-1567,0.022,CLIP
C-1217,0.077,ADAPTER-A/C
C-0085,0.079,BOSS-FITTING
C-0597,0.206,FLANGE
C-0248,0.248,PLATE
C-1978,0.03,COUPLING AS
C-1480,0.059,ADAPTER-A/C
C-1220,0.275,TEE
C-2045,0.74,ADAPTER-INLET
C-1548,0.363,FLANGE-CAPTIVE
C-0121,0.227,ADAPTER-O LINE
C-0859,1.782,FLANGE
C-0124,0.143,COUPLING AS-PERM
C-0347,0.002,CAP-A/C
C-0864,0.018,NIPPLE AS.-45
C-0890,0.41,BOSS
C-1669,0.002,LUG
C-0340,0.29,ELBOW
C-0636,0.094,ADAPTER
C-1406,0.148,HEAD-FLANGED
C-1511,0.035,WASHER
C-1832,0.146,DISC
C-0203,0.295,PLATE
C-0171,0.234,BOSS
C-0954,0.567,FLANGE
C-1013,0.364,FITTING-FLANGE
C-1097,0.594,FLANGE
C-0112,0.901,FLANGE
C-1141,0.41,ADAPTER-PIPE
C-1121,0.49,FLANGE
C-0031,0.038,WASHER
C-1019,0.005,VALVE BODY
C-0376,0.124,FLANGE
C-1676,0,TUBE AS-FUEL IN
C-0783,1.303,FLANGE
C-0129,0,ELBOW-OIL INLET
C-0011,0.012,NUT
C-1436,0.021,STUD-WELD
C-1311,0.005,RIVET
C-1871,1.34,FLANGE-ONE PIEC
C-1223,0.008,HOOK-S
C-0707,5.542,FLANGE
C-1512,0.163,CLEAT
C-0813,0.001,WASHER
C-1689,0.124,COLLAR
C-1382,0.025,NUT-FLARED
C-0717,0.34,FLANGE
C-1941,0.035,COLLAR-O-RING
C-0975,0.18,FLANGE
C-0194,4.1,FLANGE
C-0749,0.106,NUT-ORFS
C-0329,6.8,ELBOW
C-1751,0.508,PLATE
C-0815,0,CLAMP-INJ LINE
C-0438,0,NUT-F INJ LINE
C-0522,0.022,HOUSING-BELL
C-1490,1,BOSS
C-0196,5.7,FLANGE
C-0100,3.289,FLANGE
C-0795,0.68,FLANGE
C-1742,0.045,CLIP
C-0684,0.009,BUSHING
C-1844,0.001,SEAL-O-RING
C-0685,0.167,CAP AS
C-1981,0.263,BOSS
C-0473,0.084,PLATE
C-1914,0.567,BLOCK
C-0440,1.134,ADAPTER
C-0323,1.6,FLANGE
C-0239,0.852,REDUCER
C-1667,0.072,PLATE
C-0357,0.55,FLANGE
C-1791,0.081,COUPLING AS
C-0626,0.15,FLANGE
C-0593,0.372,FLANGE
C-1020,2.415,FLANGE
C-0982,0.577,ELBOW
C-1032,0.489,RING
C-1663,0.4,CONNECTOR-BHD
C-0288,0.007,NUT-WELD
C-0583,0.101,SLEEVE-REDUCING
C-1076,3.4,ELBOW-HYDRAULIC
C-1138,0.639,ADAPTER
C-2014,0.24,COUPLING
C-1083,1.693,BELLOW AS
C-1107,1.337,FLANGE
C-1937,0.004,NUT-WELD
C-1103,0.227,COVER
C-1152,0.675,ADAPTER
C-1120,0.925,FLANGE
C-1184,2.634,FLANGE
C-1205,0.023,NUT-FITTING
C-1098,0.046,BOSS
C-0504,0.112,BOSS
C-1300,1.734,FLANGE
C-0383,2.892,FLANGE
C-1985,0.153,PLATE
C-1021,0.086,COUPLING AS
C-1104,0.312,SCREEN
C-1206,0.005,SLEEVE-FITTING
C-0185,0.064,PLATE
C-1105,0.111,SHROUD
C-0439,0,ADAPTER-O LINE
C-1794,0.045,LUG
C-0251,0.041,COLLAR
C-1675,0,TUBE AS-FUEL IN
C-2040,0,TUBE AS-FUEL IN
C-1358,0,ADAPTER
C-1364,0,ELBOW-WATER
C-0433,0,FITTING
C-0828,0.036,HASP-OIL FILLER
C-1416,0.01,ROD
C-0677,0.156,FLANGE
C-0903,0.528,BRACKET
C-0719,0.125,FLANGE AS.
C-1253,0.094,BAR
C-0198,2.82,FLANGE
C-0825,0.151,ADAPTER
C-1227,0.002,SEAL-O-RING
C-1319,0.152,BRACKET
C-1353,0.569,ELBOW
C-0099,0.219,FLANGE
C-1917,0.05,BLOCK
C-1366,1.64,ELBOW
C-1391,0.75,ELBOW
C-0676,0.56,FLANGE
C-0481,0,ADAPTER-O DRAIN
C-0304,1.035,FLANGE
C-0529,0.19,ADAPTER-EXH PIP
C-1531,5,BODY-RELIEF V
C-0446,0.408,ADAPTER-DRAIN
C-0620,0.023,BOSS
C-0627,0.294,ADAPTER
C-1561,0.054,ADAPTER
C-0470,3.859,BLOCK
C-0149,0.084,ORIFICE
C-2038,0.048,BOSS-WELD
C-0317,0.776,ADAPTER
C-0293,0.15,HEAD-FLANGED
C-1748,0.001,PLUG-CUP
C-0834,0,FLANGE
C-0252,0.025,NUT-FUEL INJ
C-0835,0.226,TUBE
C-0876,7.92,FLANGE
C-0800,0.024,ADAPTER-OIL (GA
C-0924,0.102,HEAD-ADAPTER
C-0913,0.1,BLOCK CONNECTIO
C-1671,0.005,WASHER-FUEL INJ
C-1508,0.1,PLATE
C-1679,0.01,BRACKET
C-0582,0.196,NUT-ORFS
C-1858,0.021,LUG
C-0814,0,CLAMP-INJ LINE
C-0514,0,PLATE AS.
C-1664,1.046,FLANGE
C-0743,0.063,ORIFICE
C-0553,5.724,BLOCK
C-1571,1.2,SLEEVE
C-0745,0.254,ORIFICE
C-1341,0.001,RIVET-POP
C-0654,0.663,ELBOW
C-0472,7.5,BLOCK
C-1383,0.009,SLEEVE-FLARED
C-1563,0.037,CLIP
C-0744,0.195,ORIFICE
C-0294,0.444,BLOCK
C-0123,0.566,ADAPTER-OIL LIN
C-1258,0.075,PLATE
C-1861,0.002,RIVET
C-1972,0.024,PLUG-STOR
C-1509,0.2,BRACKET
C-0382,0.186,PLUG AS-STOR
C-1228,0.001,SEAL-O-RING
C-1939,0.098,SCREW-BLEEDER
C-1922,1,BLOCK
C-0395,0.05,PLATE
C-1510,0.19,PLATE
C-1949,0,WASHER
C-0322,0.178,PLUG AS.
C-0644,0.117,RING
C-0867,0.025,NIPPLE AS.-45
C-1920,0.15,PLATE
C-1921,1.042,PLATE
C-1934,0.45,ELBOW
C-1851,0.094,ORIFICE
C-0037,0.081,LUG
C-0087,7.26,FLANGE
C-0145,0.117,PLATE AS
C-1696,0.142,ADAPTER
C-0201,0.36,PLATE
C-0267,0.13,COUPLING AS.
C-1835,0.02,PLUG-DETENT
C-0206,1.603,BLOCK-HYD
C-0281,0.118,HOSE AS.
C-0283,0.108,HOSE AS.
C-0312,0.368,ADAPTER-INLET
C-0328,0.679,TUBE AS.
C-1582,0.004,PIN
C-0848,1.361,FLANGE
C-0402,2.022,BLOCK-DRAIN
C-1249,0.087,BRACKET
C-0374,0.735,COUPLING AS
C-1380,0.29,NUT-FLARED
C-0542,0.756,PLATE
C-0639,0.927,FLANGE
C-1618,0.001,SEAL-O-RING-ORFS
C-0609,0.101,FLANGE
C-0667,0,CONNECTOR-WELD
C-0706,1.403,FLANGE
C-0727,2.839,FLANGE
C-0541,0.512,FLANGE
C-0746,0.24,BRACKET
C-1651,0,NUT-SWIVEL
C-0860,0.018,NIPPLE AS.-90
C-0865,0.019,NIPPLE AS.-90
C-1466,0.079,NUT-A/C
C-0932,0.079,SLEEVE
C-1000,0.293,ELBOW-90 DEG
C-1010,0.333,FLANGE
C-1081,0.056,BOSS
C-0764,1.42,COVER
C-1022,0.008,SPACER
C-0164,0.179,ADAPTER
C-1034,4.57,ELBOW-HYDRAULIC
C-0767,0.224,CONNECTOR
C-0412,0.002,BOSS
C-1061,0.219,ADAPTER-PIPE
C-1068,0.245,PLATE
C-1110,0.072,BOSS-SADDLE
C-1180,0.459,FLANGE
C-0776,0.178,PLATE
C-1106,0.999,FLANGE
C-1143,0.057,BOSS
C-1116,0.15,BOSS
C-0921,0.111,BOSS
C-1126,0.249,FLANGE
C-1130,0.294,BOSS
C-1119,0.696,FLANGE
C-1142,0.612,FLANGE
C-1157,1.558,FLANGE
C-1160,0.237,FLANGE
C-1158,0.106,PLATE
C-1189,0.176,CONNECTOR
C-1168,0.373,FLANGE
C-0988,0.355,FLANGE
C-1174,0.812,FLANGE
C-1278,2.871,FLANGE
C-1283,3.207,FLANGE
C-1027,0.326,FILLER
C-1298,0.576,TEE-ORFS BRAZE
C-1944,0.091,CLIP
C-1222,0.018,WASHER
C-1831,0.018,STUD-WELD
C-1945,0.091,CLIP
C-0313,1.169,SLEEVE
C-0404,10.56,SLEEVE
C-1381,0.033,SLEEVE-FLARED
C-0341,0.067,PLATE
C-1001,0.263,TEE
C-0765,0.323,ADAPTER
C-1150,0.055,PLATE
C-0979,0.104,ADAPTER
C-1940,0.005,NUT-WELD
C-1309,0.26,REDUCER
C-1262,0.907,FLANGE
C-1182,0.555,TUBE AS
C-1144,0.093,BOSS
C-1260,0.08,BOSS
C-1303,1.763,FLANGE
C-1815,0.005,PLUG-ORIFICE
C-1987,0.47,PLATE
C-0631,2.481,BLOCK
C-0766,0.432,TUBE
C-1151,0.054,PLATE
C-1261,0.077,BOSS
C-0155,0.098,PLATE
C-1007,0.432,TUBE
C-1169,0.512,BRACKET
C-1226,0.021,SPACER
C-0570,0.008,RING
C-0680,1.265,ELBOW
C-1498,0.093,BOSS
C-0672,0.277,ADAPTER
C-0437,0,TUBE AS-O SUPPL
C-0649,1.349,FLANGE
C-0771,1.086,FLANGE
C-0234,0.15,PLATE
C-0477,0.045,HASP-OIL FILLER
C-0922,0.003,CAP-ORIFICE
C-0523,0,TUBE AS.
C-0587,3.207,TUBE AS.
C-0661,0.024,STRAP
C-0914,0.101,BLOCK CONNECTIO
C-1323,0.005,PLUG-CORE
C-0286,0.006,NUT-WELD
C-1036,1.034,FLANGE
C-1437,1.36,FITTING
C-0364,0.147,FLANGE
C-0118,0,FLANGE
C-0708,0.815,FLANGE
C-1371,0.758,ELBOW
C-0478,0.05,NUT-INJ F V
C-1752,0.67,ELBOW-MANF IN
C-0852,0.047,FLANGE
C-1400,0.332,TUBE AS-SUPPLY
C-0853,0.509,GUSSET
C-0435,0.5,TUBE AS-SUPPLY
C-0436,0.5,TUBE AS-SUPPLY
C-1399,0.15,FLANGE
C-0647,0.922,TUBE AS-DRAIN
C-1324,0.189,CLIP
C-1572,0,TUBE AS
C-1361,0,ADAPTER
C-0845,4.812,TUBE
C-0301,1.64,BLOCK
C-0297,1.165,TUBE
C-0849,0.237,CAP AS-O FILLER
C-1414,0.091,ADAPTER
C-1823,0.441,FLANGE
C-0467,0.01,CLAMP
C-1692,0.03,SPACER
C-0586,0.614,TUBE AS
C-0135,1.5,ELBOW-AFTCLR
C-1957,1.179,ELBOW
C-0195,3,FLANGE
C-0197,3.81,FLANGE
C-2039,0,TUBE AS-FUEL IN
C-2041,0,TUBE AS-FUEL IN
C-1691,0.78,ELBOW
C-0427,0.001,SEAL-O RING
C-0871,0.566,ADAPTER
C-1377,0.454,ELBOW
C-0916,2.74,MANIFOLD
C-0682,1.258,ELBOW
C-0735,0.004,CAP
C-0728,1.009,ELBOW
C-0757,0.25,ELBOW
C-0759,0.022,ADAPTER
C-0067,0.265,TUBE
C-0476,0.599,ADAPTER
C-1932,0.336,PLATE
C-0879,0.117,BRACKET
C-0039,1.953,TUBE
C-0842,0,TUBE AS
C-0183,0.795,ELBOW
C-0803,0.463,ADAPTER
C-0901,0.015,NUT-37° FLARED
C-1818,0.016,FITTING-NUT
C-0316,0.792,ELBOW
C-0742,0.243,ORIFICE
C-0689,2.053,FLANGE-ONE PIEC
C-1438,0.019,PLUG-PIPE
C-0484,0.502,TUBE-TURBO OIL
C-1857,0,NUT-MALE PIPE
C-1827,0.01,NUT-TUBE
C-0482,0,TUBE AS
C-1251,0.502,FLANGE-CAPTIVE
C-1360,0,TUBE AS
C-1485,0.009,WASHER-HARD
C-1250,0.073,PLATE
C-0305,0.459,PLATE
C-1192,0,TUBE (BULK)
C-1193,0,TUBE
C-1422,0.279,COUPLING AS
C-0851,1.8,ELBOW
C-0603,0.33,HEAD-FLANGED
C-0818,0.081,SPACER
C-0055,0.002,FITTING
C-0847,0,TUBE AS
C-1540,0.059,CLIP
C-0841,0.725,TUBE AS
C-1738,2.315,FLANGE
C-1732,0.045,CLAMP
C-0673,0.844,ADAPTER
C-1959,0,BRACKET
C-0098,0.236,FLANGE
C-1787,1.53,JOINT-T
C-0270,0.037,SPACER
C-0794,12.03,ELBOW-HYDRAULIC
C-0733,0,ELBOW-HYDRAULIC
C-0790,0.68,FLANGE
C-0235,4.337,PIPE
C-0777,0.685,FLANGE
C-1757,0.4,TUBE AS
C-1556,4.175,TUBE
C-1401,0.085,ELBOW
C-0319,0.778,ELBOW
C-1754,0.5,TUBE
C-0230,0.216,TUBE AS
C-0298,0.096,BRACKET
C-0299,0.331,TUBE
C-1825,0.445,FILLER
C-1955,0.5,SCREEN AS
C-0713,0.222,ORIFICE
C-0265,4.59,FLANGE
C-0637,3.225,FLANGE
C-1923,0.773,FITTING
C-0040,1.693,ADAPTER
C-0715,0.131,ADAPTER - GAGE
C-1009,1.5,FLANGE
C-0861,0.005,NOZZLE
C-0716,2.259,ADAPTER RING
C-0738,0.442,BRACKET
C-0604,0.204,BRACKET
C-0760,0.009,SLEEVE-ORFS
C-0883,0.08,PLATE AS.
C-1372,0.1,FLANGE
C-0034,0.424,FLANGE
C-0724,0.32,TUBE-BULK
C-1581,3.433,TUBE
C-1693,0.017,PLATE
C-1755,0.831,TUBE AS-IN
C-0704,0.28,TUBE
C-0705,0.2,TUBE
C-1822,0.123,PLATE
C-0056,0.004,FITTING
C-1690,0.66,ELBOW
C-1856,1,ADAPTER-OIL LIN
C-0113,3.416,TUBE
C-0904,0.668,FLANGE
C-0236,0.036,GUSSET
C-0906,0.087,ADAPTER
C-0089,0.06,FLANGE
C-0300,0.068,BRACKET
C-1562,0,COVER-FRONT HSG
C-0233,0.163,TUBE
C-0528,0.03,RETAINER
C-0725,0.013,BAR
C-0128,0.158,COUPLING AS-PER
C-1824,0.749,ELBOW
C-0729,0.631,ELBOW
C-0525,2,FLANGE
C-0505,0.539,ADAPTER
C-0645,0.226,ADAPTER
C-0812,0.85,PLATE
C-0784,0.1,ADAPTER
C-2047,0.026,FLANGE
C-1674,0.035,NUT-FUEL INJ
C-1800,0.853,ELBOW-90 DEG
C-0885,1.23,TUBE AS
C-0886,1.09,TUBE AS
C-0887,0.9,TUBE AS
C-0888,0.785,TUBE AS
C-0902,5.457,FLANGE
C-1558,2.95,PLATE
C-0167,0.27,FLANGE-O FILLER
C-0983,4.405,TUBE AS
C-0984,4.427,TUBE AS
C-0868,0.022,NIPPLE AS.-45
C-0788,4.134,TUBE AS
C-1559,2.219,ADAPTER
C-1971,0.044,PLUG-STOR
C-1813,0.014,RIVET-BLIND
C-0375,0.019,NUT-DIRECT INJ
C-1560,6.9,FLANGE
C-1933,0.451,ELBOW
C-0024,0.509,BLOCK
C-0032,4.485,TUBE
C-1532,0.291,FLANGE
C-1596,0,NUT-A/C
C-0109,0.063,PLATE
C-0114,2.927,TUBE
C-0116,0.1,PLATE-FLANGE
C-1310,0.012,WASHER
C-0136,0,FLANGE AS.
C-0469,0.068,COLLAR-O-RING
C-1570,0,ADAPTER
C-1397,0.011,SCREEN
C-1504,0.826,HANGER-COAT
C-1541,0.148,CLIP
C-1573,0,FLANGE
C-0222,9.456,MANIFOLD
C-1367,0.155,ADAPTER
C-1765,0.706,PLATE
C-0280,0.614,TUBE AS.
C-1977,0.005,NUT-FULL
C-1666,1.719,MANIFOLD
C-0282,0,TUBE AS.
C-1799,0.01,CONNECTOR-SEAL
C-0326,0.336,PLATE
C-0088,6.35,FLANGE
C-0310,0.283,SPACER
C-0373,0.105,ADAPTER
C-0330,1,ELBOW
C-0103,1.457,BLOCK
C-1737,0.001,SEAL-O-RING
C-0346,0.04,PLATE
C-0396,0.352,FLANGE
C-0349,2,FLANGE-PIPE
C-0372,0.049,BRACKET
C-0576,0.019,CLEAT
C-1753,1.8,BLOCK
C-1926,0.188,PLATE
C-1741,0.749,ELBOW
C-0408,2.26,TEE-HYDRAULIC
C-1387,0.13,FITTING
C-1528,0.28,BOSS
C-0540,0.251,FLANGE-LOWER
C-0507,0,SCREEN AS.
C-0511,0.225,ADAPTER
C-0512,0.18,ANGLE AS
C-0519,0.077,PLATE
C-0324,0.319,PLUG AS.
C-0614,0.599,HEAD-FLANGED
C-0524,0.36,FLANGE-ONE PIECE
C-0527,1.903,TUBE
C-0530,0.04,PLATE
C-0515,0.019,PLATE
C-0558,0.171,COVER
C-0559,0.034,BRACKET
C-0561,1.044,FLANGE
C-1515,0.301,SHEET
C-0980,0.841,TUBE
C-0564,4.312,TUBE
C-0843,0.11,ORIFICE
C-0588,0.62,PLATE
C-0592,1.218,TUBE
C-0563,0.406,PLATE
C-1662,0.038,CAP-ORFS
C-0241,0.118,PLUG AS-HSH-STO
C-1321,0.402,PLATE
C-0416,0.06,PLATE
C-1204,1.46,FITTING-FILLER
C-0610,0.516,TUBE
C-0611,0.851,TUBE
C-0613,2.46,ELBOW-HYDRAULIC
C-1984,0.15,PLATE
C-0634,0.236,TUBE
C-0696,0.176,"COUPLING (1""BSP)"
C-0635,9.57,TUBE
C-0068,0,TUBE AS
C-0648,0.552,FLANGE
C-0650,0.413,FLANGE
C-0657,0.182,PLATE
C-0658,0.17,PLATE
C-0536,0.16,SCREEN
C-1526,0.102,PLATE
C-0430,0.222,WASHER
C-0127,0.166,COUPLING AS-PERM
C-0091,0.164,COUPLING-PERM
C-0590,0.279,FLANGE-CAPTIVE
C-0125,0.165,COUPLING AS-PERM
C-0397,0.004,ORIFICE AS.-A/C
C-0892,0.055,CLEAT
C-0838,0.04,PLATE BLANK
C-0126,0.162,COUPLING AS-PERM
C-0711,0.493,PLATE
C-0718,0.021,CONNECTOR-WELD
C-0714,0.915,TUBE
C-0721,2.719,TUBE
C-0726,1.327,TUBE
C-0731,1.722,BLOCK
C-1240,0.1,HEAD-FLANGED
C-0010,0.01,NUT-FUEL TUBE
C-0736,1.519,PLATE
C-2042,0.002,BOSS
C-1524,0.339,PLATE
C-1942,0.1,PLATE
C-1424,0.495,COUPLING AS
C-0047,0.233,BAR
C-0773,2.316,BLOCK
C-0779,0.37,FLANGE
C-0809,0.062,CLEAT
C-0801,0.122,ELBOW-AIR (CRS)
C-0810,2.532,BLOCK
C-0866,0.019,NIPPLE AS.-90
C-2036,0.001,SEAL-O-RING
C-0811,0,BRACKET AS.
C-0517,0.031,ADAPTER
C-0929,0.019,PLATE
C-0878,0.025,NIPPLE AS.-77
C-0862,0.278,ORIFICE
C-0898,0.005,PLATE
C-1876,0.038,BOSS-WELD
C-2012,0.279,COUPLING
C-1093,0.613,BRACKET
C-0232,0.073,BOSS
C-0926,0.18,FLANGE
C-0896,0.028,COUPLING-PIPE
C-0668,1.028,PLATE
C-1330,0.242,ANGLE
C-0951,0.203,ADAPTER
C-0995,1.253,BLOCK
C-1241,0.074,BOSS
C-0877,0.01,NUT-SWIVEL
C-0785,0.277,PLATE
C-1082,1.954,BELLOW AS
C-1875,0.025,NUT-WELD
C-0990,1.75,BLOCK AS
C-2011,0.211,COUPLING
C-0997,5.098,FILLER AS
C-0998,6.195,BLOCK
C-1170,0.048,BOSS-SADDLE
C-0919,0,REQUIREMENTS
C-1003,0,TUBE AS
C-1517,0.09,FLANGE
C-0781,2.254,FLANGE
C-1523,0.038,PLATE
C-1017,0.028,CONNECTOR-WELD
C-1023,0.223,BRACKET
C-0200,0.223,BOSS-WELD
C-1030,0.803,FLANGE
C-1051,3.514,TUBE
C-1038,0.288,PLATE
C-1047,0.094,CONNECTOR-WELD
C-1046,4.814,TEE-HYDRAULIC
C-1050,12.9,BLOCK
C-1052,0.812,TUBE
C-1891,0.009,PLUG-NPTF
C-1279,0.059,BOSS
C-1090,0.421,CONNECTOR-WELD
C-1133,0.3,ADAPTER
C-1062,0.831,FLANGE
C-0763,6.679,BLOCK
C-1028,1.118,TUBE
C-0907,0.02,FITTING
C-1040,0.001,SHELL
C-1048,0.438,CONNECTOR-WELD
C-1077,1.169,PLATE
C-1042,0.003,SHELL
C-1085,0.129,FITTING-BRAZE
C-0302,0.015,PLUG AS-LD STOR
C-1044,0.001,SHELL
C-1094,0.619,FLANGE
C-1100,0.256,BOSS-SADDLE
C-1101,0.264,BOSS-SADDLE
C-1108,4.383,TUBE
C-0490,0.026,RING-RETAINING
C-1125,6,TUBE
C-1086,0.4,ELBOW
C-0153,1.161,TUBE AS
C-1114,4.585,HOSE
C-1118,0.027,PLATE
C-1131,6.068,TUBE
C-1075,0.354,PLATE
C-1136,0,CONNECTOR-SEAL
C-1137,0.724,ADAPTER AS
C-1139,0.206,BOSS
C-1167,0.119,BOSS
C-1165,1.427,TUBE
C-0287,0.01,NUT-WELD
C-1153,0.042,PLATE
C-0884,0.033,SOCKET
C-0889,0.016,SOCKET
C-1154,1.137,FLANGE
C-1155,1.806,FLANGE
C-1156,1.048,FLANGE
C-1159,0.287,BOSS
C-1163,0.354,BRACKET
C-1162,0.239,BRACKET
C-1166,0.131,CONNECTOR
C-1175,0.462,FLANGE
C-1176,0.995,FLANGE
C-1177,0.741,FLANGE
C-1178,2.67,FLANGE
C-1179,4.245,FLANGE
C-0925,0.018,STUD
C-1181,0.28,CONNECTOR
C-1188,0.615,FLANGE
C-1190,0.375,ADAPTER
C-1191,3.365,FLANGE
C-1246,0.001,PLUG-ORIFICE
C-1252,0,TUBE AS
C-1472,0,FITTING-A/C
C-1473,0,FITTING-A/C
C-1099,0.525,ADAPTER
C-1265,3.13,FLANGE-WELD
C-1148,0.537,ADAPTER
C-1280,0.11,BOSS
C-1273,0.095,BOSS
C-1266,2.102,FLANGE
C-1272,3.353,TUBE
C-1293,0.112,RING
C-1275,0.582,FLANGE
C-1276,0.706,FLANGE
C-1289,0.699,FLANGE
C-1281,1.889,FLANGE
C-1305,0.241,BOSS
C-1307,0.17,BOSS-SADDLE
C-1288,0.698,FLANGE
C-0531,0.096,BLOCK
C-1290,13.77,TUBE
C-1291,6.927,TUBE
C-1292,6.259,TUBE
C-1185,2.443,FLANGE
C-1264,0.209,PLATE
C-1295,0.571,TUBE
C-1297,1.554,FLANGE
C-1302,0.376,FLANGE
C-1301,1.811,FLANGE
C-0224,0.28,BOSS
C-1322,0.074,FLANGE
C-1201,0.026,NUT-45 (DEG)
C-1396,0,TUBE AS-RH
C-1395,0,TUBE AS-LH
C-1938,0.862,BLOCK
C-1388,2.6,TUBE-BAFFLE
C-1569,0,TUBE AS
C-0431,0.21,ELBOW
C-0429,0.015,ELBOW
C-1709,0.052,PLUG
C-1915,0,TUBE AS
C-1916,0,TUBE AS
C-1237,0.409,TEE-FLARED
C-1918,1.86,TUBE AS
C-1797,0.239,TEE-UNION
C-1730,0.129,ELBOW
C-1325,0.005,PIN-SPRING
C-0025,0.15,TUBE-LUBRICATION
C-0033,1.662,FLANGE
C-1847,0.158,CLIP
C-1852,0.009,SCREEN-PUMP TUBE
C-1810,0.25,COUPLER-QDISC
C-1574,0.098,ORIFICE
C-1766,0.113,PLATE
C-1961,0.195,PIN-DOWEL
C-0256,0.597,TUBE
C-1929,0.257,FITTING
C-0291,0.559,TUBE AS.
C-0290,0.408,TUBE AS.
C-0327,7.304,TUBE
C-0311,0.578,ADAPTER-INLET
C-1878,0.02,STUD-WELD
C-1979,0.117,PLUG-STOR
C-0350,1,PIPE
C-0276,4.59,MANIFOLD
C-0381,3.855,TUBE
C-0384,7.207,TUBE
C-0629,0.21,TUBE
C-0535,0.181,TUBE
C-0560,0.082,TUBE
C-1516,2.225,BAFFLE
C-0571,0.896,PIPE
C-0589,0.157,CONNECTOR
C-0594,0.458,FLANGE
C-0595,0.93,TUBE
C-0659,0.441,PLATE
C-0574,0.423,BLOCK
C-1522,2.372,TUBE-BAFFLE
C-0686,0.119,TUBE AS.
C-0687,6.804,BLOCK
C-0184,0.323,PLATE
C-0712,0.184,PLATE
C-0730,0.363,TUBE
C-0754,0.417,BOSS
C-1525,0.055,PLATE
C-0758,2.011,TUBE-BAFFLE
C-0856,0.068,PLATE
C-2037,0.001,SEAL-O-RING
C-0897,0.241,COUPLING
C-0928,0.048,BRACKET
C-0669,0.369,PLATE
C-1597,0.031,BOLT-HEX HEAD
C-0670,0.208,TUBE
C-0969,0.284,TUBE
C-0786,7.352,TUBE
C-0985,2.227,TUBE-WATER
C-2013,0.22,COUPLING
C-0935,0.015,NUT-A/C
C-1306,0.148,FLANGE
C-1146,0.046,CAP AS
C-0633,0.107,PLATE
C-1018,0.074,CONNECTOR-WELD
C-1025,0.997,TUBE
C-1033,0.394,RING
C-1031,0.807,GUSSET
C-1060,0.033,PLATE
C-1053,1.65,TUBE
C-1056,0.031,TUBE AS
C-1057,2.619,PIPE
C-1091,0.092,CONNECTOR-WELD
C-1063,0.829,PLATE
C-1079,0.877,PLATE AS
C-1111,0.226,BOSS
C-1008,0.329,ELBOW-CAST
C-0491,0.127,ADAPTER
C-1122,0.461,TUBE
C-1128,1.561,TUBE AS-COUPLING
C-1134,0.854,TUBE
C-1140,0.058,BOSS
C-1161,0.321,BOSS
C-1164,0.778,TUBE
C-1277,0.232,FLANGE
C-0937,0.134,BLOCK CONNECTION
C-1263,4.633,TUBE
C-1269,1.463,FLANGE
C-1274,0.115,BOSS
C-1285,1.219,FLANGE
C-1287,2.015,FLANGE
C-1282,1.132,BRACKET
C-1286,0.599,HEAD-FLANGED
C-1284,0.725,FLANGE
C-1186,0.259,BOSS
C-1296,0.719,BRACKET
C-1299,0.026,TUBE AS
C-1304,2.316,FLANGE
C-1519,0.723,WASHER
C-1529,0.122,CONNECTOR
C-1930,0.26,TUBE
C-0026,0.032,TUBE
C-0176,0.476,UNION-TUBE
C-0351,2.16,PLATE AS
C-0277,3.5,MANIFOLD-FUEL
C-0630,0.177,TUBE
C-0660,0.567,TUBE
C-1982,0.025,PLATE
C-0662,0.102,PLATE
C-0489,0.91,PLATE
C-0692,0.109,TUBE
C-0857,0.396,ROD
C-0204,0.088,PLATE
C-0671,0.194,TUBE
C-0918,0.53,PLATE AS.
C-0986,0.3,PLATE
C-0936,0.015,HEAD-ADAPTER
C-0908,0.16,PLATE
C-1002,0.266,PLATE
C-1026,1.559,BRACKET
C-1054,0.467,TUBE
C-1092,0.238,CONNECTOR-WELD
C-1064,5.928,TUBE
C-1087,2.786,TUBE
C-1088,3.043,TUBE
C-1129,1.255,PLATE
C-1073,0.031,PLATE
C-1173,0.175,BRACKET
C-1270,0.198,BOSS
C-1267,0.173,BOSS
C-1294,0.19,BOSS
C-1991,2,TEE
C-0148,0.375,ELBOW
C-0352,0.39,PLATE
C-0379,3.7,TUBE
C-0289,1.12,TUBE
C-0664,0.619,TUBE
C-0665,1.225,TUBE
C-0666,2.716,TUBE
C-0690,0.692,TUBE
C-0691,0.273,TUBE
C-0693,0.189,TUBE
C-0694,0.799,TUBE
C-0756,0.689,TUBE
C-0858,0.983,TUBE
C-0870,1.232,TUBE
C-0798,0.198,TUBE
C-0753,0.282,TUBE
C-0981,0.524,PLATE
C-0991,0.813,PLATE-OUTER
C-0909,0.034,PLATE
C-1012,0.286,POST
C-1016,0.298,TUBE
C-1055,0.208,PLATE
C-1084,0.602,TUBE
C-1147,0.018,PLATE
C-1271,0.205,BOSS
C-0279,0.908,TUBE
C-0353,0.326,PIPE
C-0557,1.178,PLATE
C-0663,3.771,TUBE
C-0695,2.977,BLOCK
C-0933,1.207,PLATE
C-0967,1.138,BRACKET
C-0992,1.05,BLOCK
C-1011,1.607,TUBE
C-1015,0.666,TUBE
C-1070,0.97,TUBE
C-0934,0.701,PLATE
C-0355,1.2,PLATE
C-0968,6.596,TUBE
C-1049,1.182,BRACKET
C-0001,0.013,SLEEVE
C-0002,0.005,SLEEVE
C-0003,0.014,SLEEVE-FLARED
C-0048,0.006,SLEEVE-BRAZE
C-0049,0.012,SLEEVE-ORFS
C-0050,0.015,SLEEVE-ORFS
C-0051,0.033,SLEEVE-ORFS
C-0052,0.041,SLEEVE-ORFS
C-0053,0.079,SLEEVE-ORFS
C-0058,0.006,SLEEVE-90DEG
C-0059,0.015,SLEEVE-90DEG
C-0060,0.042,SLEEVE-90DEG
C-0096,0.006,SLEEVE
C-0101,0.01,SLEEVE
C-0186,0.024,SLEEVE-ORFS
C-0226,0.06,SLEEVE-FLARED
C-0228,0.06,SLEEVE
C-0309,0.001,SLEEVE-FLARED
C-0391,0.009,SLEEVE-90 DEG
C-0445,0.02,SLEEVE-ORFS
C-0449,0.006,SLEEVE-FLARED
C-0830,0.027,SLEEVE-FITTING
C-1035,0.017,SLEEVE-REDUCER
C-1074,0.006,CONNECTOR-BRAZED
C-1244,0.005,SLEEVE
C-1332,0.012,SLEEVE-ORFS
C-1420,0.009,SLEEVE-FITTING
C-1443,0.09,SLEEVE-FLARED
C-1627,0.005,SLEEVE-ORFS
C-1628,0.006,SLEEVE-ORFS
C-1629,0.012,SLEEVE-ORFS
C-1630,0.018,SLEEVE-ORFS
C-1631,0.026,SLEEVE-ORFS
C-1632,0.033,SLEEVE-ORFS
C-1633,0.04,SLEEVE-ORFS
C-1635,0.025,SLEEVE-FACE SEAL
C-1652,0.045,SLEEVE-REDUCER
C-1653,0.03,SLEEVE-REDUCER
C-1654,0.029,SLEEVE-REDUCER
C-1655,0.025,SLEEVE-REDUCER
C-1656,0.023,SLEEVE-REDUCER
C-1657,0.02,SLEEVE-REDUCER
C-1658,0.021,SLEEVE-REDUCER
C-1659,0.019,SLEEVE-REDUCER
C-1660,0.012,SLEEEVE-REDUCER
C-1661,0.005,SLEEVE-REDUCER
C-1703,0.059,SLEEVE-ORFS
C-1846,0.002,SLEEVE-FLARED
C-1866,0.035,SLEEVE-ORFS
C-2035,0.001,SLEEVE-ORIFICE
C-0012,0.788,FLANGE
C-0014,0.339,FLANGE
C-0015,0.788,FLANGE
C-0019,1.533,FLANGE-ONE PIECE
C-0029,0.286,FLANGE
C-0036,1.85,FLANGE-BRAZE
C-0038,0.169,FLANGE
C-0046,0.38,FLANGE-ONE PIEC
C-0062,1.85,FLANGE-BRAZE
C-0079,3.09,FLANGE-ONE PIECE
C-0080,0.434,FLANGE
C-0081,0.02,FLANGE
C-0086,0.65,FLANGE
C-0093,0.332,FLANGE
C-0110,1.097,FLANGE-ONE PIECE
C-0115,0.43,FLANGE
C-0122,0.08,HEAD-FLANGED
C-0131,0.825,FLANGE
C-0132,0.25,HEAD-FLANGED
C-0137,0.5,FLANGE
C-0138,0.56,FLANGE
C-0141,0.336,PLATE
C-0142,0.19,FLANGE
C-0146,0.127,FLANGE
C-0147,1.3,FLANGE
C-0150,0.105,FLANGE
C-0154,0.972,FLANGE-ONE PIEC
C-0156,1.251,FLANGE
C-0157,0.801,FLANGE-ONE PIEC
C-0158,0.097,FLANGE
C-0162,2.725,FLANGE
C-0166,0.11,FLANGE
C-0170,0.09,FLANGE
C-0172,0.191,FLANGE
C-0174,2.07,FLANGE-ONE PIECE
C-0190,1.035,FLANGE
C-0191,0.407,FLANGE
C-0193,0.625,FLANGE
C-0202,0.278,FLANGE
C-0205,0.807,FLANGE
C-0219,1.171,FLANGE-SPECIAL
C-0220,0.97,FLANGE
C-0221,0.795,FLANGE
C-0229,0.18,FLANGE
C-0231,0.23,FLANGE
C-0237,0.172,HEAD FLANGED
C-0244,2.127,FLANGE
C-0246,0.08,FLANGE
C-0247,2.25,FLANGE-ONE PIEC
C-0250,2.46,FLANGE-ONE PIEC
C-0268,2.91,FLANGE-ONE PIEC
C-0275,3.268,FLANGE-ONE PIECE
C-0292,0.115,FLANGE
C-0295,0.53,FLANGE
C-0306,1.062,FLANGE
C-0325,1.44,FLANGE
C-0332,0.008,HEAD-FLANGED
C-0333,0.136,HEAD-FLANGED
C-0334,0.104,HEAD-FLANGED
C-0335,0.09,HEAD-FLANGED
C-0342,1.589,FLANGE
C-0343,0.813,FLANGE-ONE PIECE
C-0344,1.297,FLANGE
C-0359,1.044,FLANGE-ONE PIECE
C-0360,1.325,FLANGE
C-0362,0.32,FLANGE
C-0370,0.596,HEAD-FLANGED
C-0380,0.928,FLANGE
C-0385,0.732,FLANGE
C-0392,0.14,HEAD-FLANGE
C-0398,0.078,FLANGE
C-0400,1.547,FLANGE-ONE PIECE
C-0403,2.59,BOSS
C-0406,2.199,FLANGE-ONE PIEC
C-0423,0.16,FLANGE
C-0434,0.191,FLANGE
C-0450,0.496,FLANGE-ONE PIEC
C-0451,0.693,FLANGE-ONE PIEC
C-0452,0.94,FLANGE-ONE PIEC
C-0453,1.094,FLANGE-ONE PIEC
C-0456,0.175,HEAD-FLANGED
C-0457,0.14,HEAD-FLANGED
C-0458,0.158,HEAD-FLANGE
C-0459,0.175,HEAD-FLANGED
C-0460,0.21,HEAD-FLANGED
C-0461,0.403,HEAD-FLANGED
C-0462,0.28,HEAD-FLANGED
C-0463,0.613,HEAD-FLANGED
C-0465,1.347,FLANGE-ONE PIEC
C-0466,0.482,FLANGE-ONE PIEC
C-0468,0.09,FLANGE
C-0471,0,FLANGE
C-0479,0.06,FLANGE
C-0480,0,FLANGE-O SUPPLY
C-0485,0.32,HEAD-FLANGED
C-0492,0.154,HEAD-O-RING
C-0498,0.172,HEAD
C-0500,0.207,FLANGE
C-0509,0.345,FLANGE
C-0510,0.3,FLANGE
C-0532,0.229,FLANGE
C-0538,0.91,FLANGE
C-0543,0.224,FLANGE
C-0546,1.201,FLANGE
C-0551,0.442,FLANGE-BRAZE
C-0554,2.377,FLANGE
C-0568,1.469,FLANGE-ONE PIECE
C-0573,0.192,HEAD-FLAT FACE
C-0591,0.161,HEAD-FLANGED
C-0599,0.447,FLANGE-ONE PIEC
C-0601,0.424,FLANGE
C-0602,0.752,FLANGE-ONE PIEC
C-0606,0.129,PLATE
C-0612,4.076,BLOCK
C-0618,0.955,FLANGE
C-0619,1.455,FLANGE
C-0621,0.56,HEAD-FLANGE
C-0622,0.435,HEAD-FLANGED
C-0628,0.5,HEAD O-RING
C-0632,1.368,FLANGE
C-0652,0.955,FLANGE-WELD
C-0653,0.061,HEAD-O-RING
C-0679,0.474,FLANGE-4 BOLT
C-0698,0.229,FLANGE-ONE PIEC
C-0703,0.15,HEAD-FLANGED
C-0709,0.085,HEAD-O-RING SEAL
C-0722,0.72,PLATE
C-0732,0.256,FLANGE
C-0734,1.26,FLANGE
C-0737,3,FLANGE
C-0739,0.258,FLANGE
C-0741,0.14,HEAD-FLANGED
C-0747,0.224,HEAD-FLANGE
C-0748,0.187,HEAD-FLANGE
C-0750,0.191,FLANGE
C-0761,1.372,FLANGE
C-0778,0.265,FLANGE
C-0782,0.788,FLANGE
C-0787,0.07,FLANGE
C-0792,2.52,FLANGE
C-0799,1.343,FLANGE
C-0808,1.545,FLANGE-ONE PIEC
C-0819,0.272,FLANGE
C-0829,0.32,HEAD-FLANGED
C-0836,0,FLANGE
C-0840,2.447,FLANGE
C-0846,0.4,FLANGE
C-0850,0.7,FLANGE
C-0875,0.765,FLANGE
C-0880,4.378,FLANGE
C-0881,3.713,FLANGE
C-0894,0.156,FLANGE
C-0917,0.286,FLANGE-HEAD
C-0927,0.765,FLANGE-WELD
C-0940,0.851,FLANGE
C-0941,0.81,FLANGE
C-0942,0.665,FLANGE
C-0944,0.493,FLANGE
C-0946,1.022,FLANGE
C-0959,0.748,FLANGE
C-0960,0.691,FLANGE
C-0961,0.412,FLANGE
C-0966,1.535,FLANGE
C-0970,0.001,FLANGE-4 BOLT
C-0973,0.095,FLANGE-HEAD
C-0976,0.963,FLANGE-SPECIAL
C-0977,0.288,FLANGE
C-0978,1.98,FLANGE-ONE PIECE
C-0994,0.877,FLANGE-ONE-PIEC
C-1005,1.184,FLANGE-ONE PIEC
C-1014,1.352,FLANGE-ONE PIEC
C-1066,9.693,FLANGE
C-1071,0.165,FLANGE
C-1113,0.249,HEAD-FLANGED
C-1115,1.97,FLANGE
C-1145,0.07,HEAD-FLANGED
C-1203,1.835,FLANGE
C-1207,0.172,HEAD-FLANGED
C-1210,0.976,FLANGE-ONE PIEC
C-1212,1.815,FLANGE-ONE PIEC
C-1224,0.081,FLANGE-ONE PIEC
C-1234,0.533,FLANGE
C-1235,0.562,FLANGE-ONE PIEC
C-1236,0.771,FLANGE-ONE PIECE
C-1242,0.233,HEAD-FLANGED
C-1245,0.223,FLANGE-WELD
C-1314,0.405,FLANGE
C-1315,0,FLANGE
C-1326,0.419,FLANGE
C-1328,0.383,FLANGE-WELD
C-1329,0.346,FLANGE
C-1342,0.098,HEAD-FLANGED
C-1343,0.059,HEAD-FLANGED
C-1344,0.136,HEAD-FLANGED
C-1346,0.131,HEAD-FLANGED
C-1347,0.59,HEAD-FLANGED
C-1351,0.174,FLANGE
C-1352,2.56,FLANGE
C-1354,0.2,FLANGE
C-1357,0.62,FLANGE
C-1365,0.104,ADAPTER-DRAIN
C-1368,0.093,FLANGE
C-1370,0.598,FLANGE
C-1373,0.118,FLANGE
C-1376,0.164,FLANGE
C-1390,0.494,FLANGE
C-1392,0.077,FLANGE-ONE PIEC
C-1394,0.209,HEAD-SEAL
C-1407,0,FLANGE-ONE PIECE
C-1408,0.24,FLANGE-ONE PIEC
C-1412,1.327,FLANGE
C-1413,1.45,FLANGE
C-1415,0.127,FLANGE
C-1418,0.11,FLANGE-ONE PIEC
C-1427,0.586,PLATE-CONNECTOR
C-1430,0.34,FLANGE
C-1433,0.614,FLANGE-ONE PIECE
C-1434,0.35,FLANGE
C-1440,1.171,FLANGE-ONE PIEC
C-1444,2.021,FLANGE-ONE PIEC
C-1446,1.273,FLANGE-ONE PIEC
C-1447,0.429,FLANGE-ONE PIEC
C-1448,0.465,FLANGE-ONE PIEC
C-1449,0.42,HEAD-FLANGE
C-1450,1.213,FLANGE-ONE PIEC
C-1451,0.35,HEAD-FLANGE
C-1454,1.414,FLANGE-ONE PIEC
C-1455,2.072,FLANGE-ONE PIECE
C-1456,2.465,FLANGE-ONE PIEC
C-1457,1.449,FLANGE-ONE PIEC
C-1458,1.993,FLANGE-ONE PIEC
C-1459,1.354,FLANGE-ONE PIEC
C-1460,1.23,FLANGE-ONE PIECE
C-1461,0.851,FLANGE-ONE PIEC
C-1462,2.067,FLANGE-ONE PIEC
C-1463,1.725,FLANGE-ONE PIECE
C-1464,1.373,FLANGE-ONE PIEC
C-1465,1.811,FLANGE-ONE PIECE
C-1467,0.765,FLANGE-ONE PIEC
C-1471,0.784,FLANGE-ONE PIEC
C-1482,0.14,HEAD-FLANGED
C-1484,0.907,FLANGE-ONE PIEC
C-1487,1.529,FLANGE-ONE PIEC
C-1492,0.091,FLANGE
C-1493,0.09,HEAD-FLANGED
C-1494,0.119,HEAD-FLANGED
C-1495,0.106,HEAD-FLANGED
C-1501,1.2,FLANGE
C-1513,0,FLANGE
C-1518,0.2,FLANGE
C-1520,0.6,FLANGE
C-1534,0.654,FLANGE
C-1543,0.227,FLANGE
C-1544,0.133,HEAD-FLANGED
C-1545,0.244,HEAD-FLANGED
C-1549,0.12,FLANGE
C-1551,0.136,COLLAR
C-1552,0.354,FLANGE
C-1553,0.176,HEAD-FLANGED
C-1555,0.09,FLANGE
C-1568,1,FLANGE
C-1590,1.966,FLANGE-ONE PIECE
C-1591,0.514,FLANGE-ONE PIEC
C-1592,0.735,FLANGE-ONE PIEC
C-1594,0.469,FLANGE-ONE PIEC
C-1614,2.35,FLANGE
C-1615,2.183,FLANGE
C-1616,0.799,FLANGE-ONE PIEC
C-1617,1.845,FLANGE-ONE PIECE
C-1665,0.685,FLANGE
C-1670,0.079,FLANGE
C-1673,0.187,FLANGE-SPL
C-1678,0.07,FLANGE
C-1680,0.28,FLANGE
C-1682,1.095,FLANGE
C-1683,0.424,FLANGE
C-1684,0,FLANGE
C-1685,1.167,FLANGE
C-1687,1.579,FLANGE
C-1705,1.31,FLANGE
C-1706,1.413,FLANGE-ONE PIECE
C-1711,0.045,HEAD-FLANGED
C-1712,0.331,HEAD-FLANGED
C-1713,0.26,RING
C-1717,0.243,HEAD-FLANGED
C-1719,0.165,FLANGE
C-1720,0.135,HEAD-FLANGED
C-1721,0.34,HEAD-FLANGED
C-1734,0.327,FLANGE
C-1736,0.045,FLANGE
C-1739,0.107,FLANGE
C-1740,0.084,FLANGE
C-1746,1.585,FLANGE-ONE PIEC
C-1747,1.424,FLANGE-ONE PIECE
C-1749,0.07,FLANGE
C-1750,0.067,FLANGE
C-1762,2.237,FLANGE-ONE PIECE
C-1763,1.013,FLANGE-ONE PIECE
C-1768,0.783,FLANGE-WELD
C-1770,0.719,FLANGE
C-1771,0.623,FLANGE
C-1772,1.239,FLANGE-WELD
C-1773,1.313,FLANGE
C-1775,0.355,FLANGE-ONE PIEC
C-1784,1.562,FLANGE-ONE PIEC
C-1785,0.243,FLANGE
C-1792,0.371,FLANGE
C-1795,0.65,FLANGE-ONE PIEC
C-1796,1.453,FLANGE-ONE PIECE
C-1798,0.18,FLANGE-ONE PIEC
C-1801,0.597,FLANGE-ONE PIEC
C-1804,0.977,FLANGE-ONE PIEC
C-1805,0.87,FLANGE-ONE PIEC
C-1806,0.661,FLANGE-ONE PIEC
C-1807,0.428,FLANGE-ONE PIEC
C-1811,0.95,FLANGE
C-1834,0.575,FLANGE
C-1843,0.367,FLANGE
C-1849,0.168,FLANGE
C-1854,0.305,FLANGE
C-1855,0.1,FLANGE
C-1880,0.799,FLANGE-ONE PIEC
C-1881,0.974,FLANGE-ONE PC
C-1882,1.435,FLANGE-ONE PC
C-1883,1.316,FLANGE-ONE PC
C-1884,0.716,FLANGE-ONE PC
C-1886,1.073,FLANGE-ONE PIEC
C-1887,1.026,FLANGE-ONE PIEC
C-1890,1.487,FLANGE-ONE PC
C-1893,1.009,FLANGE-ONE PIEC
C-1894,0.166,HEAD-FLANGED
C-1895,0.632,FLANGE-ONE PIEC
C-1897,0.212,FLANGE-ONE PIEC
C-1900,0.469,HEAD-FLANGED
C-1901,0.791,FLANGE-ONE PIECE
C-1904,1.674,FLANGE-ONE PIEC
C-1943,0.288,FLANGE
C-1946,0.527,FLANGE
C-1947,1.271,FLANGE
C-1953,0.1,FLANGE
C-1956,0.066,FLANGE
C-1958,0.52,FLANGE-ONE PIEC
C-1983,1.2,FLANGE
C-1986,0.741,FLANGE
C-1996,0.275,FLANGE-TWO BOLT
C-1997,1.094,FLANGE-ONE PIEC
C-1999,0.079,HEAD-FLANGED
C-2000,2.135,FLANGE-ONE PIECE
C-2009,0.709,FLANGE-ONE PIECE
C-2015,1.734,FLANGE-ONE PIEC
C-2016,1.876,FLANGE-ONE PIECE
C-2017,0.84,FLANGE-ONE PIEC
C-2018,1.327,FLANGE-ONE PIECE
C-2019,1.44,FLANGE-HYDRAULIC
C-2020,1.574,FLANGE-ONE PIEC
C-2021,1.678,FLANGE-ONE PIECE
C-2022,2.748,FLANGE-ONE PIECE
C-2023,1.621,FLANGE-ONE PIEC
C-2034,0.188,HEAD-FLANGED
C-2043,0.2,FLANGE
C-2044,0.74,ADAPTER-INLET
C-0271,1.526,TEE-HYDRAULIC
C-1809,2.184,TEE-HYDRAULIC
C-1830,1.135,TEE-HYDRAULIC
C-1865,1.953,TEE-HYDRAULIC
C-0007,0.028,CONNECTOR-FLARE
C-0030,0.914,ELBOW
C-0041,0.12,CONNECTOR-ORFS
C-0043,0.09,CONNECTOR-ORFS
C-0044,0.182,CONNECTOR-ORFS
C-0069,0.216,ELBOW
C-0070,0.178,ELBOW-WELD
C-0072,0.29,ELBOW WELD
C-0073,0.537,ELBOW WELD
C-0074,0.134,CONNECTOR-STOR
C-0077,0.066,CONNECTOR-ORFS
C-0078,0.07,COUPLING AS
C-0119,0.205,FITTING
C-0133,0.142,CONNECTOR
C-0159,0.667,CONNECTOR
C-0173,0.14,CONNECTOR
C-0178,0.511,ADAPTER
C-0179,0.104,UNION-BRAZE
C-0180,0.144,UNION-BRAZE
C-0181,0.218,UNION-BRAZE
C-0182,0.269,UNION-BRAZE
C-0189,0.07,ELBOW
C-0210,0.211,ELBOW
C-0211,0.243,ELBOW
C-0212,0.633,ELBOW
C-0216,0.034,CONNECTOR
C-0217,0.054,CONNECTOR
C-0218,0.082,CONNECTOR
C-0223,0.56,TEE-ORFS TO BRA
C-0240,0.195,UNION-BRAZE
C-0253,0.2,CONNECTOR-ORFS
C-0263,0.525,ELBOW-90 DEG
C-0264,0.525,ELBOW-90 DEG
C-0272,0.104,UNION-BRAZE
C-0318,0.038,CONNECTOR
C-0338,0.29,ELBOW-WELD
C-0339,0.32,TEE-ORFS TO WEL
C-0363,0.175,CONNECTOR
C-0369,0.253,TEE
C-0371,0.842,FITTING
C-0386,0.543,HEAD-O-RING SEAL
C-0388,0.078,CONNECTOR-BHD
C-0389,0.15,CONNECTOR-BHD
C-0399,0.169,TEE
C-0409,0.15,CONNECTOR-SWIVEL
C-0410,0.11,CONNECTOR-SWIVEL
C-0413,0.04,CONNECTOR
C-0414,0.04,CONNECTOR
C-0415,0.05,CONNECTOR
C-0417,0.231,COUPLING AS
C-0418,0.078,CONNECTOR
C-0419,0.231,COUPLING AS
C-0420,0.078,CONNECTOR
C-0421,0.288,ELBOW-O-RING
C-0487,0.669,TEE-BRAZE
C-0488,0.702,TEE-BRAZE
C-0503,0.525,CONNECTOR
C-0518,0.04,CONNECTOR
C-0521,0.663,ELBOW
C-0545,0.057,COUPLING AS
C-0550,0.404,CONNECTOR-SEAL
C-0584,0.712,ELBOW-WELD
C-0596,0.055,CONNECTOR
C-0600,0.529,TEE-BULKHEAD
C-0605,0.358,TEE-ORFS
C-0607,0.5,TEE
C-0638,0.401,CONNECTOR
C-0651,0.968,FITTING
C-0683,0.134,CONNECTOR-ORFS
C-0702,0.497,CONNECTOR-BULKH
C-0740,0.123,CONNECTOR
C-0768,0.539,TEE
C-0769,0.138,ELBOW-90°
C-0775,0.111,CONNECTOR
C-0805,1.125,TEE-BULKHEAD
C-0806,1.007,TEE
C-0807,0.646,TEE
C-0826,0.182,ELBOW-FLARED
C-0832,0.681,CONNECTOR-FLARED
C-0833,0.136,CONNECTOR-FLARE
C-0882,1.05,ELBOW-SWIVEL
C-0895,0.397,ELBOW-45° ORFS
C-0900,0.456,CONNECTOR-BRAZE
C-0911,0.201,CONNECTOR
C-0912,0.458,ELBOW-90 DEG
C-0938,0.351,ADAPTER
C-0945,0.225,ADAPTER
C-0947,0.204,ADAPTER
C-0948,0.284,ADAPTER
C-0949,0.176,ADAPTER
C-0971,0.545,TEE-ORFS
C-0974,1.17,ELBOW-90
C-1067,0.005,CONNECTOR
C-1072,0.097,ELBOW-90 DEG
C-1078,0.016,ADAPTER-STR
C-1209,0.096,ELBOW-90 DEG
C-1218,0.15,CONNECTOR
C-1219,0.14,ELBOW
C-1221,0.16,ELBOW-90 DEGREE
C-1238,0.083,ELBOW-FLARED
C-1338,0.146,CONNECTOR-WELD
C-1393,0.37,FITTING
C-1423,0.17,CONNECTOR
C-1441,0.106,ADAPTER-O-RING
C-1445,0.363,ELBOW-FLARED
C-1468,0.128,FITTING-A/C
C-1469,0.047,NUT-A/C
C-1470,0.099,NUT-A/C
C-1475,0.031,NUT-A/C
C-1479,0.061,CONNECTOR
C-1486,0,NUT-A/C
C-1547,0.091,CONNECTOR
C-1578,0.091,CONNECTOR
C-1593,0.136,ELBOW
C-1637,0.03,CONNECTOR-SEAL
C-1638,0.04,CONNECTOR-SEAL
C-1639,0.05,CONNECTOR-SEAL
C-1640,0.104,CONNECTOR-SEAL
C-1641,0.149,CONNECTOR-SEAL
C-1642,0.225,CONNECTOR-SEAL
C-1643,0.06,CONNECTOR-ORFS
C-1644,0.16,CONNECTOR-SEAL
C-1645,0.02,CONNECTOR-SEAL
C-1646,0.04,CONNECTOR-SEAL
C-1647,0.05,CONNECTOR-SEAL
C-1648,0.097,CONNECTOR-SEAL
C-1649,0.22,CONNECTOR-SEAL
C-1650,0.05,CONNECTOR-SEAL
C-1700,0.42,ELBOW-SWIVEL
C-1701,0.219,COUPLING AS
C-1702,0.389,ELBOW-SWIVEL
C-1704,0.212,COUPLING AS
C-1710,0.109,CONNECTOR-SPL
C-1714,0.136,CONNECTOR-FLARE
C-1715,0.059,CONNECTOR-FLARE
C-1716,0.091,CONNECTOR-SPL
C-1718,0.136,CONNECTOR
C-1722,0.045,FITTING
C-1723,0.183,FITTING
C-1724,0.045,CONNECTOR-SPL
C-1727,0.141,ELBOW-37 (DEG)
C-1728,0.318,CONNECTOR
C-1743,0.045,FITTING
C-1758,0.168,CONNECTOR
C-1761,0.078,CONNECTOR-BHD
C-1767,0.28,CONNECTOR-WELD
C-1776,0.327,COUPLING AS
C-1777,0.2,CONNECTOR
C-1778,0.37,CONNECTOR
C-1779,0.38,COUPLING AS
C-1781,0.17,CONNECTOR-WELD
C-1789,0.047,CONNECTOR
C-1790,0.511,ELBOW
C-1802,0.125,CONNECTOR
C-1808,0.348,ELBOW-90 DEGREE
C-1836,0.113,TEE-FLARED
C-1837,0.105,TEE-FLARED
C-1840,0.181,ELBOW-FLARED
C-1841,0.136,CONNECTOR
C-1864,0.091,CONNECTOR-FLARE
C-1869,0.123,CONNECTOR-SPL
C-1870,0.06,CONNECTOR-ORFS
C-1873,0.03,ADAPTER-O RING
C-1877,0.525,ELBOW-90 (DEG)
C-1879,0.04,CONNECTOR-O-RIN
C-1885,0.045,CONNECTOR-ORFS
C-1888,0.326,ELBOW-90 DEGREE
C-1889,0.075,CONNECTOR-WELD
C-1892,0.326,ELBOW-90 (DEG)
C-1902,0.185,CONNECTOR-ORFS
C-1903,0.235,CONNECTOR
C-1906,0.35,ELBOW-90 DEGREE
C-1907,0.39,CONNECTOR
C-1908,0.243,CONNECTOR-ORFS
C-1909,0.24,CONNECTOR
C-1910,0.297,CONNECTOR-ORFS
C-1911,0.274,ELBOW-90 (DEG)
C-1912,0.135,TEE
C-1913,0.405,CONNECTOR
C-1936,0.158,BLOCK
C-1976,0.168,CONNECTOR-FLARE
C-1994,0.125,ELBOW-90 DEGREES
C-1995,0.478,ELBOW-90 DEGREE
C-1998,0.09,ELBOW-90 DEG
C-2001,0.855,ELBOW-90 DEG
C-2002,0.35,ELBOW-90 DEG
C-2003,0.525,ELBOW-90 DEG
C-2004,0.125,ELBOW-90 DEG
C-2005,0.326,ELBOW-90 DEG
C-2006,0.35,ELBOW-90 DEG
C-2007,0.274,ELBOW-90 DEG
C-2008,0.125,ELBOW-90 DEG
C-2032,0.495,ELBOW-90 DEG
C-2033,0.475,ELBOW-90 DEG
9999,0,OTHERS
